;;;;;;;;;;;;;;;;;;;;;;;;;;;;;;;;;;;;;;;;;;;;;;;;;;;;;;;;;;;;;;;;;;;;;;;;;;;;;;;;;;;;;;;;;;;;;;;;;;;;;;;;;;;;;;;;;;;;;;;;;;;;;;;;;;;;;;;;;;;;;;;;;;;;;;;
shirt; VYR BALTA parent;Romexa Tshirt;;GTIN; Hombres Camiseta Blanco Men's White T-shirt Tshirt T shirt;1981397031;Cotton;100% Baumwolle;White;White;;Men;;false;11.99;5000;as;https://www.dropbox.com/s/tgol170kwehvcb5/MEN%20GUIDE.png?dl=0;;;;;;;;Parent;;;Size;;;;;;;;; Hombres Camiseta Blanco Men's White T-shirt Tshirt T shirt;Spring-Summer 12;;Casual;Regular Fit;Gute Qualität. In Europa hergestellt. ;Hergestellt nach professioneller Seidenmethode.;Modisch, stilvoll, passt perfekt zu jedem Outfit.; Könnte ein Geschenk für einen Geburtstag, Weihnachten oder eine andere Feier sein, schreiben Sie uns!;Wird noch am selben Tag versandt. ;;;;;;Spring-Summer;Cotton;;;;;;;;;;;;;;;;;;;;;;;;;;;;;;;;;;;;;;;;;;;;;;;;;;;;;;;;;;;;;;EUR;;;;;;;;;;;;;;;;;;;;;;;;;;;;;;;;;;;
shirt; VYR BALTA S;Romexa Tshirt;;GTIN; Hombres Camiseta Blanco Men's White T-shirt Tshirt T shirt;1981397031;Cotton;100% Baumwolle;White;White;S;Men;Small;false;11.99;5000;as;https://www.dropbox.com/s/tgol170kwehvcb5/MEN%20GUIDE.png?dl=0;;;;;;;;Child; VYR BALTA parent;Variation;Size;;;;;;;;; Hombres Camiseta Blanco Men's White T-shirt Tshirt T shirt;Spring-Summer 13;;Casual;Regular Fit;Gute Qualität. In Europa hergestellt. ;Hergestellt nach professioneller Seidenmethode.;Modisch, stilvoll, passt perfekt zu jedem Outfit.; Könnte ein Geschenk für einen Geburtstag, Weihnachten oder eine andere Feier sein, schreiben Sie uns!;Wird noch am selben Tag versandt. ;;;;;;Spring-Summer;Cotton;;;;;;;;;;;;;;;;;;;;;;;;;;;;;;;;;;;;;;;;;;;;;;;;;;;;;;;;;;;;;;EUR;;;;;;;;;;;;;;;;;;;;;;;;;;;;;;;;;;;
shirt; VYR BALTA M;Romexa Tshirt;;GTIN; Hombres Camiseta Blanco Men's White T-shirt Tshirt T shirt;1981397031;Cotton;100% Baumwolle;White;White;M;Men;Medium;false;11.99;5000;as;https://www.dropbox.com/s/tgol170kwehvcb5/MEN%20GUIDE.png?dl=0;;;;;;;;Child; VYR BALTA parent;Variation;Size;;;;;;;;; Hombres Camiseta Blanco Men's White T-shirt Tshirt T shirt;Spring-Summer 14;;Casual;Regular Fit;Gute Qualität. In Europa hergestellt. ;Hergestellt nach professioneller Seidenmethode.;Modisch, stilvoll, passt perfekt zu jedem Outfit.; Könnte ein Geschenk für einen Geburtstag, Weihnachten oder eine andere Feier sein, schreiben Sie uns!;Wird noch am selben Tag versandt. ;;;;;;Spring-Summer;Cotton;;;;;;;;;;;;;;;;;;;;;;;;;;;;;;;;;;;;;;;;;;;;;;;;;;;;;;;;;;;;;;EUR;;;;;;;;;;;;;;;;;;;;;;;;;;;;;;;;;;;
shirt; VYR BALTA L;Romexa Tshirt;;GTIN; Hombres Camiseta Blanco Men's White T-shirt Tshirt T shirt;1981397031;Cotton;100% Baumwolle;White;White;L;Men;Large;false;11.99;5000;as;https://www.dropbox.com/s/tgol170kwehvcb5/MEN%20GUIDE.png?dl=0;;;;;;;;Child; VYR BALTA parent;Variation;Size;;;;;;;;; Hombres Camiseta Blanco Men's White T-shirt Tshirt T shirt;Spring-Summer 15;;Casual;Regular Fit;Gute Qualität. In Europa hergestellt. ;Hergestellt nach professioneller Seidenmethode.;Modisch, stilvoll, passt perfekt zu jedem Outfit.; Könnte ein Geschenk für einen Geburtstag, Weihnachten oder eine andere Feier sein, schreiben Sie uns!;Wird noch am selben Tag versandt. ;;;;;;Spring-Summer;Cotton;;;;;;;;;;;;;;;;;;;;;;;;;;;;;;;;;;;;;;;;;;;;;;;;;;;;;;;;;;;;;;EUR;;;;;;;;;;;;;;;;;;;;;;;;;;;;;;;;;;;
shirt; VYR BALTA XL;Romexa Tshirt;;GTIN; Hombres Camiseta Blanco Men's White T-shirt Tshirt T shirt;1981397031;Cotton;100% Baumwolle;White;White;XL;Men;X-Large;false;11.99;5000;as;https://www.dropbox.com/s/tgol170kwehvcb5/MEN%20GUIDE.png?dl=0;;;;;;;;Child; VYR BALTA parent;Variation;Size;;;;;;;;; Hombres Camiseta Blanco Men's White T-shirt Tshirt T shirt;Spring-Summer 16;;Casual;Regular Fit;Gute Qualität. In Europa hergestellt. ;Hergestellt nach professioneller Seidenmethode.;Modisch, stilvoll, passt perfekt zu jedem Outfit.; Könnte ein Geschenk für einen Geburtstag, Weihnachten oder eine andere Feier sein, schreiben Sie uns!;Wird noch am selben Tag versandt. ;;;;;;Spring-Summer;Cotton;;;;;;;;;;;;;;;;;;;;;;;;;;;;;;;;;;;;;;;;;;;;;;;;;;;;;;;;;;;;;;EUR;;;;;;;;;;;;;;;;;;;;;;;;;;;;;;;;;;;
shirt; VYR BALTA XXL;Romexa Tshirt;;GTIN; Hombres Camiseta Blanco Men's White T-shirt Tshirt T shirt;1981397031;Cotton;100% Baumwolle;White;White;XXL;Men;XX-Large;false;11.99;5000;as;https://www.dropbox.com/s/tgol170kwehvcb5/MEN%20GUIDE.png?dl=0;;;;;;;;Child; VYR BALTA parent;Variation;Size;;;;;;;;; Hombres Camiseta Blanco Men's White T-shirt Tshirt T shirt;Spring-Summer 17;;Casual;Regular Fit;Gute Qualität. In Europa hergestellt. ;Hergestellt nach professioneller Seidenmethode.;Modisch, stilvoll, passt perfekt zu jedem Outfit.; Könnte ein Geschenk für einen Geburtstag, Weihnachten oder eine andere Feier sein, schreiben Sie uns!;Wird noch am selben Tag versandt. ;;;;;;Spring-Summer;Cotton;;;;;;;;;;;;;;;;;;;;;;;;;;;;;;;;;;;;;;;;;;;;;;;;;;;;;;;;;;;;;;EUR;;;;;;;;;;;;;;;;;;;;;;;;;;;;;;;;;;;
;;;;;;;;;;;;;;;;;;;;;;;;;;;;;;;;;;;;;;;;;;;;;;;;;;;;;;;;;;;;;;;;;;;;;;;;;;;;;;;;;;;;;;;;;;;;;;;;;;;;;;;;;;;;;;;;;;;;;;;;;;;;;;;;;;;;;;;;;;;;;;;;;;;;;;;
shirt; MOT BALTA parent;Romexa Tshirt;;GTIN; Camiseta Mujer Blanco Women's White T-shirt Tshirt Tshirt;1981872031;Cotton;100% Baumwolle;White;White;;Women;;false;11.99;5000;as;https://www.dropbox.com/s/imtxhums5morg9y/WOMEN%20GUIDE.png?dl=0;;;;;;;;Parent;;;Size;;;;;;;;; Camiseta Mujer Blanco Women's White T-shirt Tshirt Tshirt;Spring-Summer 12;;Casual;Regular Fit;Gute Qualität. In Europa hergestellt. ;Hergestellt nach professioneller Seidenmethode.;Modisch, stilvoll, passt perfekt zu jedem Outfit.; Könnte ein Geschenk für einen Geburtstag, Weihnachten oder eine andere Feier sein, schreiben Sie uns!;Wird noch am selben Tag versandt. ;;;;;;Spring-Summer;Cotton;;;;;;;;;;;;;;;;;;;;;;;;;;;;;;;;;;;;;;;;;;;;;;;;;;;;;;;;;;;;;;EUR;;;;;;;;;;;;;;;;;;;;;;;;;;;;;;;;;;;
shirt; MOT BALTA S;Romexa Tshirt;;GTIN; Camiseta Mujer Blanco Women's White T-shirt Tshirt Tshirt;1981872031;Cotton;100% Baumwolle;White;White;S;Women;Small;false;11.99;5000;as;https://www.dropbox.com/s/imtxhums5morg9y/WOMEN%20GUIDE.png?dl=0;;;;;;;;Child; MOT BALTA parent;Variation;Size;;;;;;;;; Camiseta Mujer Blanco Women's White T-shirt Tshirt Tshirt;Spring-Summer 13;;Casual;Regular Fit;Gute Qualität. In Europa hergestellt. ;Hergestellt nach professioneller Seidenmethode.;Modisch, stilvoll, passt perfekt zu jedem Outfit.; Könnte ein Geschenk für einen Geburtstag, Weihnachten oder eine andere Feier sein, schreiben Sie uns!;Wird noch am selben Tag versandt. ;;;;;;Spring-Summer;Cotton;;;;;;;;;;;;;;;;;;;;;;;;;;;;;;;;;;;;;;;;;;;;;;;;;;;;;;;;;;;;;;EUR;;;;;;;;;;;;;;;;;;;;;;;;;;;;;;;;;;;
shirt; MOT BALTA M;Romexa Tshirt;;GTIN; Camiseta Mujer Blanco Women's White T-shirt Tshirt Tshirt;1981872031;Cotton;100% Baumwolle;White;White;M;Women;Medium;false;11.99;5000;as;https://www.dropbox.com/s/imtxhums5morg9y/WOMEN%20GUIDE.png?dl=0;;;;;;;;Child; MOT BALTA parent;Variation;Size;;;;;;;;; Camiseta Mujer Blanco Women's White T-shirt Tshirt Tshirt;Spring-Summer 14;;Casual;Regular Fit;Gute Qualität. In Europa hergestellt. ;Hergestellt nach professioneller Seidenmethode.;Modisch, stilvoll, passt perfekt zu jedem Outfit.; Könnte ein Geschenk für einen Geburtstag, Weihnachten oder eine andere Feier sein, schreiben Sie uns!;Wird noch am selben Tag versandt. ;;;;;;Spring-Summer;Cotton;;;;;;;;;;;;;;;;;;;;;;;;;;;;;;;;;;;;;;;;;;;;;;;;;;;;;;;;;;;;;;EUR;;;;;;;;;;;;;;;;;;;;;;;;;;;;;;;;;;;
shirt; MOT BALTA L;Romexa Tshirt;;GTIN; Camiseta Mujer Blanco Women's White T-shirt Tshirt Tshirt;1981872031;Cotton;100% Baumwolle;White;White;L;Women;Large;false;11.99;5000;as;https://www.dropbox.com/s/imtxhums5morg9y/WOMEN%20GUIDE.png?dl=0;;;;;;;;Child; MOT BALTA parent;Variation;Size;;;;;;;;; Camiseta Mujer Blanco Women's White T-shirt Tshirt Tshirt;Spring-Summer 15;;Casual;Regular Fit;Gute Qualität. In Europa hergestellt. ;Hergestellt nach professioneller Seidenmethode.;Modisch, stilvoll, passt perfekt zu jedem Outfit.; Könnte ein Geschenk für einen Geburtstag, Weihnachten oder eine andere Feier sein, schreiben Sie uns!;Wird noch am selben Tag versandt. ;;;;;;Spring-Summer;Cotton;;;;;;;;;;;;;;;;;;;;;;;;;;;;;;;;;;;;;;;;;;;;;;;;;;;;;;;;;;;;;;EUR;;;;;;;;;;;;;;;;;;;;;;;;;;;;;;;;;;;
shirt; MOT BALTA XL;Romexa Tshirt;;GTIN; Camiseta Mujer Blanco Women's White T-shirt Tshirt Tshirt;1981872031;Cotton;100% Baumwolle;White;White;XL;Women;X-Large;false;11.99;5000;as;https://www.dropbox.com/s/imtxhums5morg9y/WOMEN%20GUIDE.png?dl=0;;;;;;;;Child; MOT BALTA parent;Variation;Size;;;;;;;;; Camiseta Mujer Blanco Women's White T-shirt Tshirt Tshirt;Spring-Summer 16;;Casual;Regular Fit;Gute Qualität. In Europa hergestellt. ;Hergestellt nach professioneller Seidenmethode.;Modisch, stilvoll, passt perfekt zu jedem Outfit.; Könnte ein Geschenk für einen Geburtstag, Weihnachten oder eine andere Feier sein, schreiben Sie uns!;Wird noch am selben Tag versandt. ;;;;;;Spring-Summer;Cotton;;;;;;;;;;;;;;;;;;;;;;;;;;;;;;;;;;;;;;;;;;;;;;;;;;;;;;;;;;;;;;EUR;;;;;;;;;;;;;;;;;;;;;;;;;;;;;;;;;;;
shirt; MOT BALTA XXL;Romexa Tshirt;;GTIN; Camiseta Mujer Blanco Women's White T-shirt Tshirt Tshirt;1981872031;Cotton;100% Baumwolle;White;White;XXL;Women;XX-Large;false;11.99;5000;as;https://www.dropbox.com/s/imtxhums5morg9y/WOMEN%20GUIDE.png?dl=0;;;;;;;;Child; MOT BALTA parent;Variation;Size;;;;;;;;; Camiseta Mujer Blanco Women's White T-shirt Tshirt Tshirt;Spring-Summer 17;;Casual;Regular Fit;Gute Qualität. In Europa hergestellt. ;Hergestellt nach professioneller Seidenmethode.;Modisch, stilvoll, passt perfekt zu jedem Outfit.; Könnte ein Geschenk für einen Geburtstag, Weihnachten oder eine andere Feier sein, schreiben Sie uns!;Wird noch am selben Tag versandt. ;;;;;;Spring-Summer;Cotton;;;;;;;;;;;;;;;;;;;;;;;;;;;;;;;;;;;;;;;;;;;;;;;;;;;;;;;;;;;;;;EUR;;;;;;;;;;;;;;;;;;;;;;;;;;;;;;;;;;;
;;;;;;;;;;;;;;;;;;;;;;;;;;;;;;;;;;;;;;;;;;;;;;;;;;;;;;;;;;;;;;;;;;;;;;;;;;;;;;;;;;;;;;;;;;;;;;;;;;;;;;;;;;;;;;;;;;;;;;;;;;;;;;;;;;;;;;;;;;;;;;;;;;;;;;;
shirt; VYR PILKA parent;Romexa Tshirt;;GTIN; Hombres Camiseta Gris Men's Grey T-shirt Tshirt T shirt;1981397031;Cotton;100% Baumwolle;Grey;Grey;;Men;;false;11.99;5000;sd;https://www.dropbox.com/s/tgol170kwehvcb5/MEN%20GUIDE.png?dl=0;;;;;;;;Parent;;;Size;;;;;;;;; Hombres Camiseta Gris Men's Grey T-shirt Tshirt T shirt;Spring-Summer 12;;Casual;Regular Fit;Gute Qualität. In Europa hergestellt. ;Hergestellt nach professioneller Seidenmethode.;Modisch, stilvoll, passt perfekt zu jedem Outfit.; Könnte ein Geschenk für einen Geburtstag, Weihnachten oder eine andere Feier sein, schreiben Sie uns!;Wird noch am selben Tag versandt. ;;;;;;Spring-Summer;Cotton;;;;;;;;;;;;;;;;;;;;;;;;;;;;;;;;;;;;;;;;;;;;;;;;;;;;;;;;;;;;;;EUR;;;;;;;;;;;;;;;;;;;;;;;;;;;;;;;;;;;
shirt; VYR PILKA S;Romexa Tshirt;;GTIN; Hombres Camiseta Gris Men's Grey T-shirt Tshirt T shirt;1981397031;Cotton;100% Baumwolle;Grey;Grey;S;Men;Small;false;11.99;5000;sd;https://www.dropbox.com/s/tgol170kwehvcb5/MEN%20GUIDE.png?dl=0;;;;;;;;Child; VYR PILKA parent;Variation;Size;;;;;;;;; Hombres Camiseta Gris Men's Grey T-shirt Tshirt T shirt;Spring-Summer 13;;Casual;Regular Fit;Gute Qualität. In Europa hergestellt. ;Hergestellt nach professioneller Seidenmethode.;Modisch, stilvoll, passt perfekt zu jedem Outfit.; Könnte ein Geschenk für einen Geburtstag, Weihnachten oder eine andere Feier sein, schreiben Sie uns!;Wird noch am selben Tag versandt. ;;;;;;Spring-Summer;Cotton;;;;;;;;;;;;;;;;;;;;;;;;;;;;;;;;;;;;;;;;;;;;;;;;;;;;;;;;;;;;;;EUR;;;;;;;;;;;;;;;;;;;;;;;;;;;;;;;;;;;
shirt; VYR PILKA M;Romexa Tshirt;;GTIN; Hombres Camiseta Gris Men's Grey T-shirt Tshirt T shirt;1981397031;Cotton;100% Baumwolle;Grey;Grey;M;Men;Medium;false;11.99;5000;sd;https://www.dropbox.com/s/tgol170kwehvcb5/MEN%20GUIDE.png?dl=0;;;;;;;;Child; VYR PILKA parent;Variation;Size;;;;;;;;; Hombres Camiseta Gris Men's Grey T-shirt Tshirt T shirt;Spring-Summer 14;;Casual;Regular Fit;Gute Qualität. In Europa hergestellt. ;Hergestellt nach professioneller Seidenmethode.;Modisch, stilvoll, passt perfekt zu jedem Outfit.; Könnte ein Geschenk für einen Geburtstag, Weihnachten oder eine andere Feier sein, schreiben Sie uns!;Wird noch am selben Tag versandt. ;;;;;;Spring-Summer;Cotton;;;;;;;;;;;;;;;;;;;;;;;;;;;;;;;;;;;;;;;;;;;;;;;;;;;;;;;;;;;;;;EUR;;;;;;;;;;;;;;;;;;;;;;;;;;;;;;;;;;;
shirt; VYR PILKA L;Romexa Tshirt;;GTIN; Hombres Camiseta Gris Men's Grey T-shirt Tshirt T shirt;1981397031;Cotton;100% Baumwolle;Grey;Grey;L;Men;Large;false;11.99;5000;sd;https://www.dropbox.com/s/tgol170kwehvcb5/MEN%20GUIDE.png?dl=0;;;;;;;;Child; VYR PILKA parent;Variation;Size;;;;;;;;; Hombres Camiseta Gris Men's Grey T-shirt Tshirt T shirt;Spring-Summer 15;;Casual;Regular Fit;Gute Qualität. In Europa hergestellt. ;Hergestellt nach professioneller Seidenmethode.;Modisch, stilvoll, passt perfekt zu jedem Outfit.; Könnte ein Geschenk für einen Geburtstag, Weihnachten oder eine andere Feier sein, schreiben Sie uns!;Wird noch am selben Tag versandt. ;;;;;;Spring-Summer;Cotton;;;;;;;;;;;;;;;;;;;;;;;;;;;;;;;;;;;;;;;;;;;;;;;;;;;;;;;;;;;;;;EUR;;;;;;;;;;;;;;;;;;;;;;;;;;;;;;;;;;;
shirt; VYR PILKA XL;Romexa Tshirt;;GTIN; Hombres Camiseta Gris Men's Grey T-shirt Tshirt T shirt;1981397031;Cotton;100% Baumwolle;Grey;Grey;XL;Men;X-Large;false;11.99;5000;sd;https://www.dropbox.com/s/tgol170kwehvcb5/MEN%20GUIDE.png?dl=0;;;;;;;;Child; VYR PILKA parent;Variation;Size;;;;;;;;; Hombres Camiseta Gris Men's Grey T-shirt Tshirt T shirt;Spring-Summer 16;;Casual;Regular Fit;Gute Qualität. In Europa hergestellt. ;Hergestellt nach professioneller Seidenmethode.;Modisch, stilvoll, passt perfekt zu jedem Outfit.; Könnte ein Geschenk für einen Geburtstag, Weihnachten oder eine andere Feier sein, schreiben Sie uns!;Wird noch am selben Tag versandt. ;;;;;;Spring-Summer;Cotton;;;;;;;;;;;;;;;;;;;;;;;;;;;;;;;;;;;;;;;;;;;;;;;;;;;;;;;;;;;;;;EUR;;;;;;;;;;;;;;;;;;;;;;;;;;;;;;;;;;;
shirt; VYR PILKA XXL;Romexa Tshirt;;GTIN; Hombres Camiseta Gris Men's Grey T-shirt Tshirt T shirt;1981397031;Cotton;100% Baumwolle;Grey;Grey;XXL;Men;XX-Large;false;11.99;5000;sd;https://www.dropbox.com/s/tgol170kwehvcb5/MEN%20GUIDE.png?dl=0;;;;;;;;Child; VYR PILKA parent;Variation;Size;;;;;;;;; Hombres Camiseta Gris Men's Grey T-shirt Tshirt T shirt;Spring-Summer 17;;Casual;Regular Fit;Gute Qualität. In Europa hergestellt. ;Hergestellt nach professioneller Seidenmethode.;Modisch, stilvoll, passt perfekt zu jedem Outfit.; Könnte ein Geschenk für einen Geburtstag, Weihnachten oder eine andere Feier sein, schreiben Sie uns!;Wird noch am selben Tag versandt. ;;;;;;Spring-Summer;Cotton;;;;;;;;;;;;;;;;;;;;;;;;;;;;;;;;;;;;;;;;;;;;;;;;;;;;;;;;;;;;;;EUR;;;;;;;;;;;;;;;;;;;;;;;;;;;;;;;;;;;
;;;;;;;;;;;;;;;;;;;;;;;;;;;;;;;;;;;;;;;;;;;;;;;;;;;;;;;;;;;;;;;;;;;;;;;;;;;;;;;;;;;;;;;;;;;;;;;;;;;;;;;;;;;;;;;;;;;;;;;;;;;;;;;;;;;;;;;;;;;;;;;;;;;;;;;
shirt; MOT PILKA parent;Romexa Tshirt;;GTIN; Camiseta Mujer Gris Women's Grey T-shirt Tshirt T shirt;1981872031;Cotton;100% Baumwolle;Grey;Grey;;Women;;false;11.99;5000;ds;https://www.dropbox.com/s/imtxhums5morg9y/WOMEN%20GUIDE.png?dl=0;;;;;;;;Parent;;;Size;;;;;;;;; Camiseta Mujer Gris Women's Grey T-shirt Tshirt T shirt;Spring-Summer 12;;Casual;Regular Fit;Gute Qualität. In Europa hergestellt. ;Hergestellt nach professioneller Seidenmethode.;Modisch, stilvoll, passt perfekt zu jedem Outfit.; Könnte ein Geschenk für einen Geburtstag, Weihnachten oder eine andere Feier sein, schreiben Sie uns!;Wird noch am selben Tag versandt. ;;;;;;Spring-Summer;Cotton;;;;;;;;;;;;;;;;;;;;;;;;;;;;;;;;;;;;;;;;;;;;;;;;;;;;;;;;;;;;;;EUR;;;;;;;;;;;;;;;;;;;;;;;;;;;;;;;;;;;
shirt; MOT PILKA S;Romexa Tshirt;;GTIN; Camiseta Mujer Gris Women's Grey T-shirt Tshirt T shirt;1981872031;Cotton;100% Baumwolle;Grey;Grey;S;Women;Small;false;11.99;5000;ds;https://www.dropbox.com/s/imtxhums5morg9y/WOMEN%20GUIDE.png?dl=0;;;;;;;;Child; MOT PILKA parent;Variation;Size;;;;;;;;; Camiseta Mujer Gris Women's Grey T-shirt Tshirt T shirt;Spring-Summer 13;;Casual;Regular Fit;Gute Qualität. In Europa hergestellt. ;Hergestellt nach professioneller Seidenmethode.;Modisch, stilvoll, passt perfekt zu jedem Outfit.; Könnte ein Geschenk für einen Geburtstag, Weihnachten oder eine andere Feier sein, schreiben Sie uns!;Wird noch am selben Tag versandt. ;;;;;;Spring-Summer;Cotton;;;;;;;;;;;;;;;;;;;;;;;;;;;;;;;;;;;;;;;;;;;;;;;;;;;;;;;;;;;;;;EUR;;;;;;;;;;;;;;;;;;;;;;;;;;;;;;;;;;;
shirt; MOT PILKA M;Romexa Tshirt;;GTIN; Camiseta Mujer Gris Women's Grey T-shirt Tshirt T shirt;1981872031;Cotton;100% Baumwolle;Grey;Grey;M;Women;Medium;false;11.99;5000;ds;https://www.dropbox.com/s/imtxhums5morg9y/WOMEN%20GUIDE.png?dl=0;;;;;;;;Child; MOT PILKA parent;Variation;Size;;;;;;;;; Camiseta Mujer Gris Women's Grey T-shirt Tshirt T shirt;Spring-Summer 14;;Casual;Regular Fit;Gute Qualität. In Europa hergestellt. ;Hergestellt nach professioneller Seidenmethode.;Modisch, stilvoll, passt perfekt zu jedem Outfit.; Könnte ein Geschenk für einen Geburtstag, Weihnachten oder eine andere Feier sein, schreiben Sie uns!;Wird noch am selben Tag versandt. ;;;;;;Spring-Summer;Cotton;;;;;;;;;;;;;;;;;;;;;;;;;;;;;;;;;;;;;;;;;;;;;;;;;;;;;;;;;;;;;;EUR;;;;;;;;;;;;;;;;;;;;;;;;;;;;;;;;;;;
shirt; MOT PILKA L;Romexa Tshirt;;GTIN; Camiseta Mujer Gris Women's Grey T-shirt Tshirt T shirt;1981872031;Cotton;100% Baumwolle;Grey;Grey;L;Women;Large;false;11.99;5000;ds;https://www.dropbox.com/s/imtxhums5morg9y/WOMEN%20GUIDE.png?dl=0;;;;;;;;Child; MOT PILKA parent;Variation;Size;;;;;;;;; Camiseta Mujer Gris Women's Grey T-shirt Tshirt T shirt;Spring-Summer 15;;Casual;Regular Fit;Gute Qualität. In Europa hergestellt. ;Hergestellt nach professioneller Seidenmethode.;Modisch, stilvoll, passt perfekt zu jedem Outfit.; Könnte ein Geschenk für einen Geburtstag, Weihnachten oder eine andere Feier sein, schreiben Sie uns!;Wird noch am selben Tag versandt. ;;;;;;Spring-Summer;Cotton;;;;;;;;;;;;;;;;;;;;;;;;;;;;;;;;;;;;;;;;;;;;;;;;;;;;;;;;;;;;;;EUR;;;;;;;;;;;;;;;;;;;;;;;;;;;;;;;;;;;
shirt; MOT PILKA XL;Romexa Tshirt;;GTIN; Camiseta Mujer Gris Women's Grey T-shirt Tshirt T shirt;1981872031;Cotton;100% Baumwolle;Grey;Grey;XL;Women;X-Large;false;11.99;5000;ds;https://www.dropbox.com/s/imtxhums5morg9y/WOMEN%20GUIDE.png?dl=0;;;;;;;;Child; MOT PILKA parent;Variation;Size;;;;;;;;; Camiseta Mujer Gris Women's Grey T-shirt Tshirt T shirt;Spring-Summer 16;;Casual;Regular Fit;Gute Qualität. In Europa hergestellt. ;Hergestellt nach professioneller Seidenmethode.;Modisch, stilvoll, passt perfekt zu jedem Outfit.; Könnte ein Geschenk für einen Geburtstag, Weihnachten oder eine andere Feier sein, schreiben Sie uns!;Wird noch am selben Tag versandt. ;;;;;;Spring-Summer;Cotton;;;;;;;;;;;;;;;;;;;;;;;;;;;;;;;;;;;;;;;;;;;;;;;;;;;;;;;;;;;;;;EUR;;;;;;;;;;;;;;;;;;;;;;;;;;;;;;;;;;;
shirt; MOT PILKA XXL;Romexa Tshirt;;GTIN; Camiseta Mujer Gris Women's Grey T-shirt Tshirt T shirt;1981872031;Cotton;100% Baumwolle;Grey;Grey;XXL;Women;XX-Large;false;11.99;5000;ds;https://www.dropbox.com/s/imtxhums5morg9y/WOMEN%20GUIDE.png?dl=0;;;;;;;;Child; MOT PILKA parent;Variation;Size;;;;;;;;; Camiseta Mujer Gris Women's Grey T-shirt Tshirt T shirt;Spring-Summer 17;;Casual;Regular Fit;Gute Qualität. In Europa hergestellt. ;Hergestellt nach professioneller Seidenmethode.;Modisch, stilvoll, passt perfekt zu jedem Outfit.; Könnte ein Geschenk für einen Geburtstag, Weihnachten oder eine andere Feier sein, schreiben Sie uns!;Wird noch am selben Tag versandt. ;;;;;;Spring-Summer;Cotton;;;;;;;;;;;;;;;;;;;;;;;;;;;;;;;;;;;;;;;;;;;;;;;;;;;;;;;;;;;;;;EUR;;;;;;;;;;;;;;;;;;;;;;;;;;;;;;;;;;;
;;;;;;;;;;;;;;;;;;;;;;;;;;;;;;;;;;;;;;;;;;;;;;;;;;;;;;;;;;;;;;;;;;;;;;;;;;;;;;;;;;;;;;;;;;;;;;;;;;;;;;;;;;;;;;;;;;;;;;;;;;;;;;;;;;;;;;;;;;;;;;;;;;;;;;;
shirt; VAIK BALTA parent;Romexa Tshirt;;GTIN; Niños Unisexo Niño Niña Camiseta Blanco Kids Unisex Boys Girls White T-shirt Tshirt T shirt;1981287031;Cotton;100% Baumwolle;White;White;;Girls;;false;11.99;5000;fs;https://www.dropbox.com/s/5b498p7xbgxexr8/KIDS%20GUIDE.png?dl=0;;;;;;;;Parent;;;Size;;;;;;;;; Niños Unisexo Niño Niña Camiseta Blanco Kids Unisex Boys Girls White T-shirt Tshirt T shirt;Spring-Summer 12;;Casual;Regular Fit;Gute Qualität. In Europa hergestellt. ;Hergestellt nach professioneller Seidenmethode.;Modisch, stilvoll, passt perfekt zu jedem Outfit.; Könnte ein Geschenk für einen Geburtstag, Weihnachten oder eine andere Feier sein, schreiben Sie uns!;Wird noch am selben Tag versandt. ;;;;;;Spring-Summer;Cotton;;;;;;;;;;;;;;;;;;;;;;;;;;;;;;;;;;;;;;;;;;;;;;;;;;;;;;;;;;;;;;EUR;;;;;;;;;;;;;;;;;;;;;;;;;;;;;;;;;;;
shirt; VAIK BALTA XS;Romexa Tshirt;;GTIN; Niños Unisexo Niño Niña Camiseta Blanco Kids Unisex Boys Girls White T-shirt Tshirt T shirt;1981287031;Cotton;100% Baumwolle;White;White;XS (110-116cm) (5-6 years);Girls;X-Small;false;11.99;5000;fs;https://www.dropbox.com/s/5b498p7xbgxexr8/KIDS%20GUIDE.png?dl=0;;;;;;;;Child; VAIK BALTA parent;Variation;Size;;;;;;;;; Niños Unisexo Niño Niña Camiseta Blanco Kids Unisex Boys Girls White T-shirt Tshirt T shirt;Spring-Summer 13;;Casual;Regular Fit;Gute Qualität. In Europa hergestellt. ;Hergestellt nach professioneller Seidenmethode.;Modisch, stilvoll, passt perfekt zu jedem Outfit.; Könnte ein Geschenk für einen Geburtstag, Weihnachten oder eine andere Feier sein, schreiben Sie uns!;Wird noch am selben Tag versandt. ;;;;;;Spring-Summer;Cotton;;;;;;;;;;;;;;;;;;;;;;;;;;;;;;;;;;;;;;;;;;;;;;;;;;;;;;;;;;;;;;EUR;;;;;;;;;;;;;;;;;;;;;;;;;;;;;;;;;;;
shirt; VAIK BALTA S;Romexa Tshirt;;GTIN; Niños Unisexo Niño Niña Camiseta Blanco Kids Unisex Boys Girls White T-shirt Tshirt T shirt;1981287031;Cotton;100% Baumwolle;White;White;S (122-128cm) (7-8 years);Girls;Small;false;11.99;5000;fs;https://www.dropbox.com/s/5b498p7xbgxexr8/KIDS%20GUIDE.png?dl=0;;;;;;;;Child; VAIK BALTA parent;Variation;Size;;;;;;;;; Niños Unisexo Niño Niña Camiseta Blanco Kids Unisex Boys Girls White T-shirt Tshirt T shirt;Spring-Summer 14;;Casual;Regular Fit;Gute Qualität. In Europa hergestellt. ;Hergestellt nach professioneller Seidenmethode.;Modisch, stilvoll, passt perfekt zu jedem Outfit.; Könnte ein Geschenk für einen Geburtstag, Weihnachten oder eine andere Feier sein, schreiben Sie uns!;Wird noch am selben Tag versandt. ;;;;;;Spring-Summer;Cotton;;;;;;;;;;;;;;;;;;;;;;;;;;;;;;;;;;;;;;;;;;;;;;;;;;;;;;;;;;;;;;EUR;;;;;;;;;;;;;;;;;;;;;;;;;;;;;;;;;;;
shirt; VAIK BALTA M;Romexa Tshirt;;GTIN; Niños Unisexo Niño Niña Camiseta Blanco Kids Unisex Boys Girls White T-shirt Tshirt T shirt;1981287031;Cotton;100% Baumwolle;White;White;M (134-140cm) (9-10 years);Girls;Medium;false;11.99;5000;fs;https://www.dropbox.com/s/5b498p7xbgxexr8/KIDS%20GUIDE.png?dl=0;;;;;;;;Child; VAIK BALTA parent;Variation;Size;;;;;;;;; Niños Unisexo Niño Niña Camiseta Blanco Kids Unisex Boys Girls White T-shirt Tshirt T shirt;Spring-Summer 15;;Casual;Regular Fit;Gute Qualität. In Europa hergestellt. ;Hergestellt nach professioneller Seidenmethode.;Modisch, stilvoll, passt perfekt zu jedem Outfit.; Könnte ein Geschenk für einen Geburtstag, Weihnachten oder eine andere Feier sein, schreiben Sie uns!;Wird noch am selben Tag versandt. ;;;;;;Spring-Summer;Cotton;;;;;;;;;;;;;;;;;;;;;;;;;;;;;;;;;;;;;;;;;;;;;;;;;;;;;;;;;;;;;;EUR;;;;;;;;;;;;;;;;;;;;;;;;;;;;;;;;;;;
shirt; VAIK BALTA L;Romexa Tshirt;;GTIN; Niños Unisexo Niño Niña Camiseta Blanco Kids Unisex Boys Girls White T-shirt Tshirt T shirt;1981287031;Cotton;100% Baumwolle;White;White;L (146-152cm) (11-12 years);Girls;Large;false;11.99;5000;fs;https://www.dropbox.com/s/5b498p7xbgxexr8/KIDS%20GUIDE.png?dl=0;;;;;;;;Child; VAIK BALTA parent;Variation;Size;;;;;;;;; Niños Unisexo Niño Niña Camiseta Blanco Kids Unisex Boys Girls White T-shirt Tshirt T shirt;Spring-Summer 16;;Casual;Regular Fit;Gute Qualität. In Europa hergestellt. ;Hergestellt nach professioneller Seidenmethode.;Modisch, stilvoll, passt perfekt zu jedem Outfit.; Könnte ein Geschenk für einen Geburtstag, Weihnachten oder eine andere Feier sein, schreiben Sie uns!;Wird noch am selben Tag versandt. ;;;;;;Spring-Summer;Cotton;;;;;;;;;;;;;;;;;;;;;;;;;;;;;;;;;;;;;;;;;;;;;;;;;;;;;;;;;;;;;;EUR;;;;;;;;;;;;;;;;;;;;;;;;;;;;;;;;;;;
shirt; VAIK BALTA XL;Romexa Tshirt;;GTIN; Niños Unisexo Niño Niña Camiseta Blanco Kids Unisex Boys Girls White T-shirt Tshirt T shirt;1981287031;Cotton;100% Baumwolle;White;White;XL (158-164cm) (12-13 years);Girls;X-Large;false;11.99;5000;fs;https://www.dropbox.com/s/5b498p7xbgxexr8/KIDS%20GUIDE.png?dl=0;;;;;;;;Child; VAIK BALTA parent;Variation;Size;;;;;;;;; Niños Unisexo Niño Niña Camiseta Blanco Kids Unisex Boys Girls White T-shirt Tshirt T shirt;Spring-Summer 17;;Casual;Regular Fit;Gute Qualität. In Europa hergestellt. ;Hergestellt nach professioneller Seidenmethode.;Modisch, stilvoll, passt perfekt zu jedem Outfit.; Könnte ein Geschenk für einen Geburtstag, Weihnachten oder eine andere Feier sein, schreiben Sie uns!;Wird noch am selben Tag versandt. ;;;;;;Spring-Summer;Cotton;;;;;;;;;;;;;;;;;;;;;;;;;;;;;;;;;;;;;;;;;;;;;;;;;;;;;;;;;;;;;;EUR;;;;;;;;;;;;;;;;;;;;;;;;;;;;;;;;;;;
;;;;;;;;;;;;;;;;;;;;;;;;;;;;;;;;;;;;;;;;;;;;;;;;;;;;;;;;;;;;;;;;;;;;;;;;;;;;;;;;;;;;;;;;;;;;;;;;;;;;;;;;;;;;;;;;;;;;;;;;;;;;;;;;;;;;;;;;;;;;;;;;;;;;;;;
shirt; VAIK PILKA parent;Romexa Tshirt;;GTIN; Niños Unisexo Niño Niña Camiseta Gris Kids Unisex Boys Girls Grey T-shirt Tshirt T shirt;1981287031;Cotton;100% Baumwolle;Grey;Grey;;Girls;;false;11.99;5000;fs;https://www.dropbox.com/s/5b498p7xbgxexr8/KIDS%20GUIDE.png?dl=0;;;;;;;;Parent;;;Size;;;;;;;;; Niños Unisexo Niño Niña Camiseta Gris Kids Unisex Boys Girls Grey T-shirt Tshirt T shirt;Spring-Summer 12;;Casual;Regular Fit;Gute Qualität. In Europa hergestellt. ;Hergestellt nach professioneller Seidenmethode.;Modisch, stilvoll, passt perfekt zu jedem Outfit.; Könnte ein Geschenk für einen Geburtstag, Weihnachten oder eine andere Feier sein, schreiben Sie uns!;Wird noch am selben Tag versandt. ;;;;;;Spring-Summer;Cotton;;;;;;;;;;;;;;;;;;;;;;;;;;;;;;;;;;;;;;;;;;;;;;;;;;;;;;;;;;;;;;EUR;;;;;;;;;;;;;;;;;;;;;;;;;;;;;;;;;;;
shirt; VAIK PILKA XS;Romexa Tshirt;;GTIN; Niños Unisexo Niño Niña Camiseta Gris Kids Unisex Boys Girls Grey T-shirt Tshirt T shirt;1981287031;Cotton;100% Baumwolle;Grey;Grey;XS (110-116cm) (5-6 years);Girls;X-Small;false;11.99;5000;fs;https://www.dropbox.com/s/5b498p7xbgxexr8/KIDS%20GUIDE.png?dl=0;;;;;;;;Child; VAIK PILKA parent;Variation;Size;;;;;;;;; Niños Unisexo Niño Niña Camiseta Gris Kids Unisex Boys Girls Grey T-shirt Tshirt T shirt;Spring-Summer 13;;Casual;Regular Fit;Gute Qualität. In Europa hergestellt. ;Hergestellt nach professioneller Seidenmethode.;Modisch, stilvoll, passt perfekt zu jedem Outfit.; Könnte ein Geschenk für einen Geburtstag, Weihnachten oder eine andere Feier sein, schreiben Sie uns!;Wird noch am selben Tag versandt. ;;;;;;Spring-Summer;Cotton;;;;;;;;;;;;;;;;;;;;;;;;;;;;;;;;;;;;;;;;;;;;;;;;;;;;;;;;;;;;;;EUR;;;;;;;;;;;;;;;;;;;;;;;;;;;;;;;;;;;
shirt; VAIK PILKA S;Romexa Tshirt;;GTIN; Niños Unisexo Niño Niña Camiseta Gris Kids Unisex Boys Girls Grey T-shirt Tshirt T shirt;1981287031;Cotton;100% Baumwolle;Grey;Grey;S (122-128cm) (7-8 years);Girls;Small;false;11.99;5000;fs;https://www.dropbox.com/s/5b498p7xbgxexr8/KIDS%20GUIDE.png?dl=0;;;;;;;;Child; VAIK PILKA parent;Variation;Size;;;;;;;;; Niños Unisexo Niño Niña Camiseta Gris Kids Unisex Boys Girls Grey T-shirt Tshirt T shirt;Spring-Summer 14;;Casual;Regular Fit;Gute Qualität. In Europa hergestellt. ;Hergestellt nach professioneller Seidenmethode.;Modisch, stilvoll, passt perfekt zu jedem Outfit.; Könnte ein Geschenk für einen Geburtstag, Weihnachten oder eine andere Feier sein, schreiben Sie uns!;Wird noch am selben Tag versandt. ;;;;;;Spring-Summer;Cotton;;;;;;;;;;;;;;;;;;;;;;;;;;;;;;;;;;;;;;;;;;;;;;;;;;;;;;;;;;;;;;EUR;;;;;;;;;;;;;;;;;;;;;;;;;;;;;;;;;;;
shirt; VAIK PILKA M;Romexa Tshirt;;GTIN; Niños Unisexo Niño Niña Camiseta Gris Kids Unisex Boys Girls Grey T-shirt Tshirt T shirt;1981287031;Cotton;100% Baumwolle;Grey;Grey;M (134-140cm) (9-10 years);Girls;Medium;false;11.99;5000;fs;https://www.dropbox.com/s/5b498p7xbgxexr8/KIDS%20GUIDE.png?dl=0;;;;;;;;Child; VAIK PILKA parent;Variation;Size;;;;;;;;; Niños Unisexo Niño Niña Camiseta Gris Kids Unisex Boys Girls Grey T-shirt Tshirt T shirt;Spring-Summer 15;;Casual;Regular Fit;Gute Qualität. In Europa hergestellt. ;Hergestellt nach professioneller Seidenmethode.;Modisch, stilvoll, passt perfekt zu jedem Outfit.; Könnte ein Geschenk für einen Geburtstag, Weihnachten oder eine andere Feier sein, schreiben Sie uns!;Wird noch am selben Tag versandt. ;;;;;;Spring-Summer;Cotton;;;;;;;;;;;;;;;;;;;;;;;;;;;;;;;;;;;;;;;;;;;;;;;;;;;;;;;;;;;;;;EUR;;;;;;;;;;;;;;;;;;;;;;;;;;;;;;;;;;;
shirt; VAIK PILKA L;Romexa Tshirt;;GTIN; Niños Unisexo Niño Niña Camiseta Gris Kids Unisex Boys Girls Grey T-shirt Tshirt T shirt;1981287031;Cotton;100% Baumwolle;Grey;Grey;L (146-152cm) (11-12 years);Girls;Large;false;11.99;5000;fs;https://www.dropbox.com/s/5b498p7xbgxexr8/KIDS%20GUIDE.png?dl=0;;;;;;;;Child; VAIK PILKA parent;Variation;Size;;;;;;;;; Niños Unisexo Niño Niña Camiseta Gris Kids Unisex Boys Girls Grey T-shirt Tshirt T shirt;Spring-Summer 16;;Casual;Regular Fit;Gute Qualität. In Europa hergestellt. ;Hergestellt nach professioneller Seidenmethode.;Modisch, stilvoll, passt perfekt zu jedem Outfit.; Könnte ein Geschenk für einen Geburtstag, Weihnachten oder eine andere Feier sein, schreiben Sie uns!;Wird noch am selben Tag versandt. ;;;;;;Spring-Summer;Cotton;;;;;;;;;;;;;;;;;;;;;;;;;;;;;;;;;;;;;;;;;;;;;;;;;;;;;;;;;;;;;;EUR;;;;;;;;;;;;;;;;;;;;;;;;;;;;;;;;;;;
shirt; VAIK PILKA XL;Romexa Tshirt;;GTIN; Niños Unisexo Niño Niña Camiseta Gris Kids Unisex Boys Girls Grey T-shirt Tshirt T shirt;1981287031;Cotton;100% Baumwolle;Grey;Grey;XL (158-164cm) (12-13 years);Girls;X-Large;false;11.99;5000;fs;https://www.dropbox.com/s/5b498p7xbgxexr8/KIDS%20GUIDE.png?dl=0;;;;;;;;Child; VAIK PILKA parent;Variation;Size;;;;;;;;; Niños Unisexo Niño Niña Camiseta Gris Kids Unisex Boys Girls Grey T-shirt Tshirt T shirt;Spring-Summer 17;;Casual;Regular Fit;Gute Qualität. In Europa hergestellt. ;Hergestellt nach professioneller Seidenmethode.;Modisch, stilvoll, passt perfekt zu jedem Outfit.; Könnte ein Geschenk für einen Geburtstag, Weihnachten oder eine andere Feier sein, schreiben Sie uns!;Wird noch am selben Tag versandt. ;;;;;;Spring-Summer;Cotton;;;;;;;;;;;;;;;;;;;;;;;;;;;;;;;;;;;;;;;;;;;;;;;;;;;;;;;;;;;;;;EUR;;;;;;;;;;;;;;;;;;;;;;;;;;;;;;;;;;;
;;;;;;;;;;;;;;;;;;;;;;;;;;;;;;;;;;;;;;;;;;;;;;;;;;;;;;;;;;;;;;;;;;;;;;;;;;;;;;;;;;;;;;;;;;;;;;;;;;;;;;;;;;;;;;;;;;;;;;;;;;;;;;;;;;;;;;;;;;;;;;;;;;;;;;;
sweater; MEG parent;Romexa Tshirt;;GTIN; Unisexo Hombre Mujer Sudadera Gris Unisex Women's Men's Sweatshirt;1981390031;Cotton;70% Baumwolle 30% Polyester;Grey;Grey;;Men;;false;28.99;5000;gh;https://www.dropbox.com/s/4q4y98fugszfvmr/SWEAAT.png?dl=0;;;;;;;;Parent;;;Size;;;;;;;;; Unisexo Hombre Mujer Sudadera Gris Unisex Women's Men's Sweatshirt;Spring-Summer 12;;Casual;Regular Fit;Gute Qualität. In Europa hergestellt. ;Hergestellt nach professioneller Seidenmethode.;Modisch, stilvoll, passt perfekt zu jedem Outfit.; Könnte ein Geschenk für einen Geburtstag, Weihnachten oder eine andere Feier sein, schreiben Sie uns!;Wird noch am selben Tag versandt. ;;;;;;Spring-Summer;Cotton;;;;;;;;;;;;;;;;;;;;;;;;;;;;;;;;;;;;;;;;;;;;;;;;;;;;;;;;;;;;;;EUR;;;;;;;;;;;;;;;;;;;;;;;;;;;;;;;;;;;
sweater; MEG S;Romexa Tshirt;;GTIN; Unisexo Hombre Mujer Sudadera Gris Unisex Women's Men's Sweatshirt;1981390031;Cotton;70% Baumwolle 30% Polyester;Grey;Grey;S;Men;Small;false;28.99;5000;gh;https://www.dropbox.com/s/4q4y98fugszfvmr/SWEAAT.png?dl=0;;;;;;;;Child; MEG parent;Variation;Size;;;;;;;;; Unisexo Hombre Mujer Sudadera Gris Unisex Women's Men's Sweatshirt;Spring-Summer 13;;Casual;Regular Fit;Gute Qualität. In Europa hergestellt. ;Hergestellt nach professioneller Seidenmethode.;Modisch, stilvoll, passt perfekt zu jedem Outfit.; Könnte ein Geschenk für einen Geburtstag, Weihnachten oder eine andere Feier sein, schreiben Sie uns!;Wird noch am selben Tag versandt. ;;;;;;Spring-Summer;Cotton;;;;;;;;;;;;;;;;;;;;;;;;;;;;;;;;;;;;;;;;;;;;;;;;;;;;;;;;;;;;;;EUR;;;;;;;;;;;;;;;;;;;;;;;;;;;;;;;;;;;
sweater; MEG M;Romexa Tshirt;;GTIN; Unisexo Hombre Mujer Sudadera Gris Unisex Women's Men's Sweatshirt;1981390031;Cotton;70% Baumwolle 30% Polyester;Grey;Grey;M;Men;Medium;false;28.99;5000;gh;https://www.dropbox.com/s/4q4y98fugszfvmr/SWEAAT.png?dl=0;;;;;;;;Child; MEG parent;Variation;Size;;;;;;;;; Unisexo Hombre Mujer Sudadera Gris Unisex Women's Men's Sweatshirt;Spring-Summer 14;;Casual;Regular Fit;Gute Qualität. In Europa hergestellt. ;Hergestellt nach professioneller Seidenmethode.;Modisch, stilvoll, passt perfekt zu jedem Outfit.; Könnte ein Geschenk für einen Geburtstag, Weihnachten oder eine andere Feier sein, schreiben Sie uns!;Wird noch am selben Tag versandt. ;;;;;;Spring-Summer;Cotton;;;;;;;;;;;;;;;;;;;;;;;;;;;;;;;;;;;;;;;;;;;;;;;;;;;;;;;;;;;;;;EUR;;;;;;;;;;;;;;;;;;;;;;;;;;;;;;;;;;;
sweater; MEG L;Romexa Tshirt;;GTIN; Unisexo Hombre Mujer Sudadera Gris Unisex Women's Men's Sweatshirt;1981390031;Cotton;70% Baumwolle 30% Polyester;Grey;Grey;L;Men;Large;false;28.99;5000;gh;https://www.dropbox.com/s/4q4y98fugszfvmr/SWEAAT.png?dl=0;;;;;;;;Child; MEG parent;Variation;Size;;;;;;;;; Unisexo Hombre Mujer Sudadera Gris Unisex Women's Men's Sweatshirt;Spring-Summer 15;;Casual;Regular Fit;Gute Qualität. In Europa hergestellt. ;Hergestellt nach professioneller Seidenmethode.;Modisch, stilvoll, passt perfekt zu jedem Outfit.; Könnte ein Geschenk für einen Geburtstag, Weihnachten oder eine andere Feier sein, schreiben Sie uns!;Wird noch am selben Tag versandt. ;;;;;;Spring-Summer;Cotton;;;;;;;;;;;;;;;;;;;;;;;;;;;;;;;;;;;;;;;;;;;;;;;;;;;;;;;;;;;;;;EUR;;;;;;;;;;;;;;;;;;;;;;;;;;;;;;;;;;;
sweater; MEG XL;Romexa Tshirt;;GTIN; Unisexo Hombre Mujer Sudadera Gris Unisex Women's Men's Sweatshirt;1981390031;Cotton;70% Baumwolle 30% Polyester;Grey;Grey;XL;Men;X-Large;false;28.99;5000;gh;https://www.dropbox.com/s/4q4y98fugszfvmr/SWEAAT.png?dl=0;;;;;;;;Child; MEG parent;Variation;Size;;;;;;;;; Unisexo Hombre Mujer Sudadera Gris Unisex Women's Men's Sweatshirt;Spring-Summer 16;;Casual;Regular Fit;Gute Qualität. In Europa hergestellt. ;Hergestellt nach professioneller Seidenmethode.;Modisch, stilvoll, passt perfekt zu jedem Outfit.; Könnte ein Geschenk für einen Geburtstag, Weihnachten oder eine andere Feier sein, schreiben Sie uns!;Wird noch am selben Tag versandt. ;;;;;;Spring-Summer;Cotton;;;;;;;;;;;;;;;;;;;;;;;;;;;;;;;;;;;;;;;;;;;;;;;;;;;;;;;;;;;;;;EUR;;;;;;;;;;;;;;;;;;;;;;;;;;;;;;;;;;;
sweater; MEG XXL;Romexa Tshirt;;GTIN; Unisexo Hombre Mujer Sudadera Gris Unisex Women's Men's Sweatshirt;1981390031;Cotton;70% Baumwolle 30% Polyester;Grey;Grey;XXL;Men;XX-Large;false;28.99;5000;gh;https://www.dropbox.com/s/4q4y98fugszfvmr/SWEAAT.png?dl=0;;;;;;;;Child; MEG parent;Variation;Size;;;;;;;;; Unisexo Hombre Mujer Sudadera Gris Unisex Women's Men's Sweatshirt;Spring-Summer 17;;Casual;Regular Fit;Gute Qualität. In Europa hergestellt. ;Hergestellt nach professioneller Seidenmethode.;Modisch, stilvoll, passt perfekt zu jedem Outfit.; Könnte ein Geschenk für einen Geburtstag, Weihnachten oder eine andere Feier sein, schreiben Sie uns!;Wird noch am selben Tag versandt. ;;;;;;Spring-Summer;Cotton;;;;;;;;;;;;;;;;;;;;;;;;;;;;;;;;;;;;;;;;;;;;;;;;;;;;;;;;;;;;;;EUR;;;;;;;;;;;;;;;;;;;;;;;;;;;;;;;;;;;
;;;;;;;;;;;;;;;;;;;;;;;;;;;;;;;;;;;;;;;;;;;;;;;;;;;;;;;;;;;;;;;;;;;;;;;;;;;;;;;;;;;;;;;;;;;;;;;;;;;;;;;;;;;;;;;;;;;;;;;;;;;;;;;;;;;;;;;;;;;;;;;;;;;;;;;
sweater; HUD parent;Romexa Tshirt;;GTIN; Unisexo Hombre Mujer Sudadera Gris Unisex Women's Men's Sweatshirt Hoodie;1981349031;Cotton;70% Baumwolle 30% Polyester;Grey;Grey;;Women;;false;30.99;5000;gh;https://www.dropbox.com/s/yzuboo8g879zgog/HODIE.png?dl=0;;;;;;;;Parent;;;Size;;;;;;;;; Unisexo Hombre Mujer Sudadera Gris Unisex Women's Men's Sweatshirt Hoodie;Spring-Summer 12;;Casual;Regular Fit;Gute Qualität. In Europa hergestellt. ;Hergestellt nach professioneller Seidenmethode.;Modisch, stilvoll, passt perfekt zu jedem Outfit.; Könnte ein Geschenk für einen Geburtstag, Weihnachten oder eine andere Feier sein, schreiben Sie uns!;Wird noch am selben Tag versandt. ;;;;;;Spring-Summer;Cotton;;;;;;;;;;;;;;;;;;;;;;;;;;;;;;;;;;;;;;;;;;;;;;;;;;;;;;;;;;;;;;EUR;;;;;;;;;;;;;;;;;;;;;;;;;;;;;;;;;;;
sweater; HUD S;Romexa Tshirt;;GTIN; Unisexo Hombre Mujer Sudadera Gris Unisex Women's Men's Sweatshirt Hoodie;1981349031;Cotton;70% Baumwolle 30% Polyester;Grey;Grey;S;Women;Small;false;30.99;5000;gh;https://www.dropbox.com/s/yzuboo8g879zgog/HODIE.png?dl=0;;;;;;;;Child; HUD parent;Variation;Size;;;;;;;;; Unisexo Hombre Mujer Sudadera Gris Unisex Women's Men's Sweatshirt Hoodie;Spring-Summer 13;;Casual;Regular Fit;Gute Qualität. In Europa hergestellt. ;Hergestellt nach professioneller Seidenmethode.;Modisch, stilvoll, passt perfekt zu jedem Outfit.; Könnte ein Geschenk für einen Geburtstag, Weihnachten oder eine andere Feier sein, schreiben Sie uns!;Wird noch am selben Tag versandt. ;;;;;;Spring-Summer;Cotton;;;;;;;;;;;;;;;;;;;;;;;;;;;;;;;;;;;;;;;;;;;;;;;;;;;;;;;;;;;;;;EUR;;;;;;;;;;;;;;;;;;;;;;;;;;;;;;;;;;;
sweater; HUD M;Romexa Tshirt;;GTIN; Unisexo Hombre Mujer Sudadera Gris Unisex Women's Men's Sweatshirt Hoodie;1981349031;Cotton;70% Baumwolle 30% Polyester;Grey;Grey;M;Women;Medium;false;30.99;5000;gh;https://www.dropbox.com/s/yzuboo8g879zgog/HODIE.png?dl=0;;;;;;;;Child; HUD parent;Variation;Size;;;;;;;;; Unisexo Hombre Mujer Sudadera Gris Unisex Women's Men's Sweatshirt Hoodie;Spring-Summer 14;;Casual;Regular Fit;Gute Qualität. In Europa hergestellt. ;Hergestellt nach professioneller Seidenmethode.;Modisch, stilvoll, passt perfekt zu jedem Outfit.; Könnte ein Geschenk für einen Geburtstag, Weihnachten oder eine andere Feier sein, schreiben Sie uns!;Wird noch am selben Tag versandt. ;;;;;;Spring-Summer;Cotton;;;;;;;;;;;;;;;;;;;;;;;;;;;;;;;;;;;;;;;;;;;;;;;;;;;;;;;;;;;;;;EUR;;;;;;;;;;;;;;;;;;;;;;;;;;;;;;;;;;;
sweater; HUD L;Romexa Tshirt;;GTIN; Unisexo Hombre Mujer Sudadera Gris Unisex Women's Men's Sweatshirt Hoodie;1981349031;Cotton;70% Baumwolle 30% Polyester;Grey;Grey;L;Women;Large;false;30.99;5000;gh;https://www.dropbox.com/s/yzuboo8g879zgog/HODIE.png?dl=0;;;;;;;;Child; HUD parent;Variation;Size;;;;;;;;; Unisexo Hombre Mujer Sudadera Gris Unisex Women's Men's Sweatshirt Hoodie;Spring-Summer 15;;Casual;Regular Fit;Gute Qualität. In Europa hergestellt. ;Hergestellt nach professioneller Seidenmethode.;Modisch, stilvoll, passt perfekt zu jedem Outfit.; Könnte ein Geschenk für einen Geburtstag, Weihnachten oder eine andere Feier sein, schreiben Sie uns!;Wird noch am selben Tag versandt. ;;;;;;Spring-Summer;Cotton;;;;;;;;;;;;;;;;;;;;;;;;;;;;;;;;;;;;;;;;;;;;;;;;;;;;;;;;;;;;;;EUR;;;;;;;;;;;;;;;;;;;;;;;;;;;;;;;;;;;
sweater; HUD XL;Romexa Tshirt;;GTIN; Unisexo Hombre Mujer Sudadera Gris Unisex Women's Men's Sweatshirt Hoodie;1981349031;Cotton;70% Baumwolle 30% Polyester;Grey;Grey;XL;Women;X-Large;false;30.99;5000;gh;https://www.dropbox.com/s/yzuboo8g879zgog/HODIE.png?dl=0;;;;;;;;Child; HUD parent;Variation;Size;;;;;;;;; Unisexo Hombre Mujer Sudadera Gris Unisex Women's Men's Sweatshirt Hoodie;Spring-Summer 16;;Casual;Regular Fit;Gute Qualität. In Europa hergestellt. ;Hergestellt nach professioneller Seidenmethode.;Modisch, stilvoll, passt perfekt zu jedem Outfit.; Könnte ein Geschenk für einen Geburtstag, Weihnachten oder eine andere Feier sein, schreiben Sie uns!;Wird noch am selben Tag versandt. ;;;;;;Spring-Summer;Cotton;;;;;;;;;;;;;;;;;;;;;;;;;;;;;;;;;;;;;;;;;;;;;;;;;;;;;;;;;;;;;;EUR;;;;;;;;;;;;;;;;;;;;;;;;;;;;;;;;;;;
sweater; HUD XXL;Romexa Tshirt;;GTIN; Unisexo Hombre Mujer Sudadera Gris Unisex Women's Men's Sweatshirt Hoodie;1981349031;Cotton;70% Baumwolle 30% Polyester;Grey;Grey;XXL;Women;XX-Large;false;30.99;5000;gh;https://www.dropbox.com/s/yzuboo8g879zgog/HODIE.png?dl=0;;;;;;;;Child; HUD parent;Variation;Size;;;;;;;;; Unisexo Hombre Mujer Sudadera Gris Unisex Women's Men's Sweatshirt Hoodie;Spring-Summer 17;;Casual;Regular Fit;Gute Qualität. In Europa hergestellt. ;Hergestellt nach professioneller Seidenmethode.;Modisch, stilvoll, passt perfekt zu jedem Outfit.; Könnte ein Geschenk für einen Geburtstag, Weihnachten oder eine andere Feier sein, schreiben Sie uns!;Wird noch am selben Tag versandt. ;;;;;;Spring-Summer;Cotton;;;;;;;;;;;;;;;;;;;;;;;;;;;;;;;;;;;;;;;;;;;;;;;;;;;;;;;;;;;;;;EUR;;;;;;;;;;;;;;;;;;;;;;;;;;;;;;;;;;;
;;;;;;;;;;;;;;;;;;;;;;;;;;;;;;;;;;;;;;;;;;;;;;;;;;;;;;;;;;;;;;;;;;;;;;;;;;;;;;;;;;;;;;;;;;;;;;;;;;;;;;;;;;;;;;;;;;;;;;;;;;;;;;;;;;;;;;;;;;;;;;;;;;;;;;;
;;;;;;;;;;;;;;;;;;;;;;;;;;;;;;;;;;;;;;;;;;;;;;;;;;;;;;;;;;;;;;;;;;;;;;;;;;;;;;;;;;;;;;;;;;;;;;;;;;;;;;;;;;;;;;;;;;;;;;;;;;;;;;;;;;;;;;;;;;;;;;;;;;;;;;;
;;;;;;;;;;;;;;;;;;;;;;;;;;;;;;;;;;;;;;;;;;;;;;;;;;;;;;;;;;;;;;;;;;;;;;;;;;;;;;;;;;;;;;;;;;;;;;;;;;;;;;;;;;;;;;;;;;;;;;;;;;;;;;;;;;;;;;;;;;;;;;;;;;;;;;;
